serialCode,isWinner,prizeId
T248-3692,false,
N091-9219,false,
W749-1212,false,
Y077-0485,false,
H224-1702,false,
F193-7100,false,
D028-6399,false,
H000-4601,false,
A941-8563,false,
U104-6729,false,
F852-3133,false,
T937-3941,false,
U648-7134,false,
G708-0030,false,
R193-2503,false,
K413-9424,false,
J390-5045,false,
E309-3841,false,
J187-6667,false,
A646-6707,false,
K893-9639,true,1
F248-9907,false,
H704-1218,false,
E208-9857,false,
T114-1622,false,
A465-2401,false,
N919-1432,false,
X963-7122,false,
D942-4693,false,
R958-6811,false,
N972-9317,false,
A701-5227,false,
G379-5409,false,
D717-3574,false,
T626-8876,false,
R654-7204,true,3
X417-5595,false,
R777-4903,false,
K855-0371,false,
R869-7090,false,
V594-6589,false,
G947-6167,false,
H592-2758,false,
N589-3229,false,
Y009-4411,false,
A767-1556,false,
X884-0404,false,
X828-8249,false,
P914-0449,false,
X711-5776,false,
X813-6211,false,
W308-4577,false,
K573-1918,false,
M535-0998,false,
W561-7013,false,
M679-8377,false,
G834-3981,false,
E819-5636,false,
Y388-1742,false,
R239-3108,false,
A215-5600,false,
D400-4033,false,
J094-4501,false,
M492-2033,false,
F271-5798,false,
N796-2398,false,
A236-7235,false,
F424-6338,false,
V837-6045,false,
E268-7082,false,
L832-8120,false,
R632-5503,false,
R798-2510,false,
H657-0174,false,
G220-6239,false,
C922-3489,false,
Y655-0924,false,
D721-6240,false,
G577-8610,false,
M513-2318,false,
N984-3095,false,
C469-2343,false,
E180-3823,false,
V516-2218,true,3
F305-6158,false,
U446-3563,false,
N995-5049,false,
K546-3407,false,
R655-6060,false,
A123-6705,false,
H160-5286,false,
G366-4380,false,
J414-6656,false,
C818-5342,false,
E064-1520,false,
W025-3865,false,
M526-9476,true,1
R105-5422,false,
U390-8666,false,
Y338-1491,false,
V650-3197,true,2
M466-9789,false,
R330-4095,false,
D512-3978,false,
R663-3793,false,
P164-9805,false,
R143-5875,false,
K220-8218,false,
M716-5990,false,
E489-6173,false,
U473-7538,false,
E825-2233,false,
R835-5818,true,3
L427-3001,false,
E865-6313,false,
J758-2907,false,
J839-9511,false,
X427-2096,false,
D697-3497,false,
L539-9693,false,
V128-0645,false,
U305-4590,false,
W097-9561,false,
D834-3269,false,
C764-1503,false,
N879-6612,true,2
Y226-1723,false,
Y912-9024,false,
L179-3692,false,
W376-6220,false,
N277-5439,false,
U010-1465,false,
W421-8423,false,
V527-8784,false,
W081-1328,false,
J639-5775,false,
X961-4663,false,
D335-1736,false,
A004-4335,false,
A778-1611,false,
R122-1955,false,
M292-6378,false,
E904-6506,false,
K458-0200,false,
C398-4679,false,
D138-2304,false,
H843-6256,false,
L936-1845,false,
T321-2801,false,
L563-8661,false,
H622-7301,false,
G906-0656,false,
T336-5112,false,
H201-8668,false,
C829-5345,false,
A857-0535,false,
L642-3245,false,
E983-8840,false,
K926-7963,false,
Y829-3308,false,
U367-3278,false,
K589-0800,false,
L388-1415,false,
U950-1549,false,
L776-5491,false,
V782-6767,false,
K616-2284,false,
V194-1968,false,
G558-8093,false,
Y082-7652,false,
R279-0503,false,
P885-9963,false,
R286-5645,false,
U129-8527,false,
F420-0483,false,
M911-3670,false,
R200-3318,false,
Y041-9068,false,
P627-6836,true,3
M775-9849,false,
T681-4436,false,
D551-9911,false,
N985-7511,false,
C440-0200,false,
L392-4513,false,
G928-0433,false,
R105-6517,false,
V207-2408,false,
X735-7902,false,
W224-1681,false,
R201-8106,false,
X695-5325,false,
E610-9359,false,
T451-7530,false,
K738-2959,false,
E700-2318,true,2
T048-9592,false,
Y176-5466,false,
R050-4958,false,
U483-2231,false,
N556-3576,true,2
G499-7241,false,
R927-0243,false,
V208-3672,false,
Y467-1946,false,
K003-8936,false,
H046-7601,false,
E417-4387,false,
F066-9511,false,
W536-9137,false,
D458-5475,false,
H034-9062,false,
L458-3049,false,
X974-0313,false,
F171-9162,true,1
K149-1574,false,
U200-4966,false,
J136-5051,false,
P819-0419,false,
Y310-3538,false,
L207-8553,false,
L808-1381,false,
E331-5622,false,
N284-9615,false,
Y353-1849,false,
W396-3517,false,
G489-6136,false,
V403-7859,false,
A947-7825,false,
E772-9331,false,
L631-1159,false,
V866-9225,false,
C574-1193,false,
T029-7463,false,
P999-7031,false,
T226-5143,false,
H875-0085,false,
H461-5767,false,
K786-4749,false,
A816-3506,false,
H111-2786,false,
K091-8709,true,3
E149-2898,false,
F836-6023,false,
H710-7121,false,
N468-2409,false,
A027-5359,false,
R438-9468,false,
X988-7286,false,
H072-8337,false,
W603-1044,false,
P949-2275,false,
V740-8900,false,
J973-4302,false,
D635-4463,false,
C541-7300,false,
W582-6924,false,
U877-0307,false,
G991-2674,true,2
U865-0907,false,
H342-4925,false,
N712-3964,false,
K090-2204,false,
W978-5655,false,
K425-6943,false,
R973-3748,true,3
F660-3971,false,
L361-9708,false,
P240-6434,false,
M517-5825,false,
R900-4042,false,
W999-5790,false,
V525-3395,false,
G803-9162,false,
X785-3424,false,
J406-8015,false,
V169-8113,true,2
V817-9548,true,2
V639-4773,false,
N038-7033,false,
M582-0371,false,
T755-8625,false,
P829-0216,false,
W067-2065,false,
W221-4831,false,
G838-7724,false,
U182-6743,false,
M146-2238,false,
N774-5255,false,
P983-7505,false,
K382-8298,false,
N533-7621,false,
K548-8478,false,
V515-1552,false,
A886-3151,false,
T188-8370,false,
R646-8862,false,
M448-6048,false,
U319-8885,false,
P003-0085,false,
E734-0620,false,
H920-5851,false,
G719-6295,false,
G248-1324,false,
N130-0392,false,
J811-7035,false,
D098-4880,false,
X038-2566,false,
H626-7877,false,
W191-7996,false,
G451-0567,false,
E909-1906,false,
Y188-3441,false,
L634-3884,false,
J343-1681,false,
V394-6297,false,
A701-5402,false,
N579-6170,false,
R310-0026,false,
G680-6880,false,
Y520-2235,true,2
E052-8819,false,
N624-1022,false,
K807-6797,false,
R726-6426,false,
J168-9808,true,3
A309-5985,false,
X810-6289,false,
N379-1734,false,
V306-6042,false,
L606-9344,false,
G750-7161,false,
D828-0482,false,
Y807-7732,false,
U820-1263,false,
X641-7418,false,
P935-8258,false,
C299-9358,false,
Y273-0865,false,
P983-3808,false,
D756-3327,false,
F265-5969,false,
D956-1136,false,
M718-5479,false,
A426-3404,false,
A446-5149,false,
W389-1284,true,1
F250-9899,false,
F423-5150,false,
K346-9239,false,
L213-1071,false,
L142-7841,false,
J727-2208,false,
U012-7422,false,
C184-1404,true,1
E360-6359,false,
M820-3736,false,
F173-6279,false,
J815-1647,false,
K388-2641,false,
C915-3269,false,
F996-4202,false,
U951-8116,false,
T391-8198,false,
N517-2852,false,
U604-8184,false,
C599-6866,false,
X772-0703,false,
J111-7420,true,3
U748-2527,false,
W092-8941,false,
D099-0946,false,
M309-8118,false,
G655-0044,false,
E255-6274,false,
E155-7855,false,
R455-7829,false,
N639-4456,false,
V957-3306,true,2
Y241-8408,false,
C660-8135,false,
P538-3219,false,
R128-3208,false,
A283-3497,false,
K707-6661,false,
C067-9713,false,
W864-7313,false,
F999-8447,false,
D245-3287,false,
C849-7424,false,
Y168-7030,false,
E789-7042,false,
K217-7038,false,
R622-9910,false,
G777-5575,false,
M597-7515,false,
X234-4898,false,
A408-5402,true,2
D071-6425,false,
U341-4991,true,3
G374-6315,false,
R606-1639,false,
E565-0876,false,
F245-5698,false,
P433-0812,false,
R088-7127,false,
M500-7784,false,
A099-4838,false,
N898-8140,false,
R987-6022,false,
R563-1996,false,
D939-3799,false,
E773-1764,false,
C121-2557,false,
F224-7946,false,
F967-1461,false,
W740-3298,false,
G113-5382,false,
U509-0134,false,
Y086-8206,false,
D525-2847,false,
P989-1284,false,
T921-2352,false,
L161-8344,false,
K915-1337,true,2
T094-8624,false,
R868-3219,false,
M380-1123,false,
Y455-0335,false,
A011-6452,false,
F267-2861,false,
Y375-5719,false,
M077-2125,false,
Y543-3254,false,
A647-7967,false,
W619-2522,false,
F160-4953,false,
K298-4235,false,
J533-2371,false,
T531-0660,false,
M299-8535,false,
G758-0233,false,
E493-0539,false,
M346-9488,false,
X131-8149,false,
K482-4141,false,
U483-9763,false,
P256-5286,false,
E363-5741,true,2
C022-4622,false,
J012-6098,false,
T999-9595,true,3
K102-7435,false,
R766-6537,false,
K333-8103,false,
T893-6151,false,
X929-9188,false,
M819-7967,false,
X502-8378,false,
M455-9725,false,
G400-4497,false,
X731-6074,true,3
H796-4358,false,
X379-7891,false,
N240-6470,false,
J243-5039,false,
R113-3771,false,
H974-8224,false,
G029-2046,false,
C877-8132,false,
G146-9760,false,
T907-2641,false,
C457-1674,false,
A154-4892,false,
Y029-7061,false,
C762-5511,false,
H716-2850,false,
U650-1961,false,
T783-8089,false,
J923-4418,false,
N714-0448,false,
X256-4258,false,
A322-6742,false,
R352-1290,true,2
W578-2933,false,
X788-1051,false,
F182-5034,false,
M745-6360,false,
M273-0566,false,
F247-7998,false,
F235-9712,false,
V422-6005,false,
C338-1021,false,
M220-2345,false,
H089-7432,false,
C780-9666,false,
P326-5749,false,
A413-6993,false,
A484-7014,false,
D678-3056,false,
U256-7843,false,
X650-4639,false,
H765-0374,false,
U114-2270,false,
K490-7447,true,1
L105-3839,false,
M301-1829,false,
F806-0288,true,2
H436-0232,false,
V715-4151,false,
T193-3992,false,
C247-1701,false,
J301-8781,false,
K546-0475,false,
F391-6116,false,
L685-7638,false,
X743-9379,false,
R028-7969,false,
Y829-5470,false,
E690-1234,false,
D375-7805,false,
H023-4633,false,
H190-1621,false,
W632-7294,false,
R133-2822,false,
A602-2959,false,
T995-7365,false,
R989-2495,false,
T709-8965,false,
R623-4040,false,
V433-1108,false,
V050-9040,false,
H905-1735,false,
R066-4317,false,
C973-0194,false,
K370-4180,true,3
P966-3154,false,
E863-8876,false,
N520-3598,false,
D402-2473,false,
R842-5766,false,
D493-0781,false,
M078-6873,false,
Y327-0902,false,
Y950-0611,false,
D563-7579,false,
P246-9695,false,
X666-2010,false,
H215-1566,false,
M359-6601,false,
E038-0730,false,
D994-1658,true,1
A825-3388,false,
E749-7215,false,
Y850-7025,false,
E548-1961,false,
X339-6739,false,
U656-9902,false,
R266-0349,false,
X012-3241,false,
G215-1341,false,
C216-6701,false,
G463-5659,false,
U569-1145,false,
N641-9826,false,
G884-5427,false,
C418-7079,false,
X406-2862,false,
A924-2040,false,
M854-3214,false,
M209-9183,false,
G583-8414,false,
P264-8300,false,
D726-6503,false,
E936-5733,false,
X418-4421,false,
R682-3702,false,
T685-5943,false,
R833-4966,false,
Y302-7940,false,
F502-3986,false,
T872-1961,false,
H749-3584,false,
L372-3057,false,
E806-2405,true,2
A333-1300,false,
E499-0813,false,
V336-4587,false,
H822-6186,false,
G925-1191,false,
M691-4786,false,
L175-7206,false,
F483-2995,false,
A277-3978,false,
K607-6509,false,
D328-1663,false,
W939-4967,false,
V589-0089,false,
Y062-3642,false,
R541-2763,false,
K873-0387,true,1
D576-3065,false,
D417-4987,false,
N017-0542,false,
M744-1624,false,
W460-0065,false,
F669-0919,false,
V977-8496,false,
T920-2970,false,
A418-5754,false,
C398-5734,false,
U417-0176,false,
V905-8298,false,
U901-3886,false,
E197-4028,false,
N532-5335,false,
D200-3045,false,
G155-1472,false,
H639-8445,false,
H916-5859,false,
D123-8859,false,
D806-0588,false,
D800-3420,false,
J404-8923,false,
X300-9181,false,
J628-2186,true,2
L694-6414,true,2
G150-3078,false,
U333-1207,false,
U751-1045,false,
F684-5668,false,
Y178-7644,false,
F738-7820,false,
P283-1203,false,
M417-8257,false,
R012-6329,false,
L868-5013,true,2
P523-6697,false,
W143-5882,false,
C493-0151,false,
F626-4955,false,
W544-7050,false,
R253-5172,false,
G541-8953,false,
H984-2415,false,
F947-9610,false,
U764-5716,false,
A104-3472,false,
D887-4763,false,
Y444-4562,false,
E115-9110,true,2
X495-6669,false,
Y445-0703,false,
X052-2506,false,
F375-0176,false,
J416-6720,false,
E136-2943,false,
W597-2257,false,
W052-9397,false,
V545-0390,false,
H321-5498,false,
V791-5328,false,
G584-6428,false,
D714-9021,false,
L002-7481,false,
H454-0804,false,
L250-1092,false,
R233-3149,false,
M299-5483,true,3
X121-8102,false,
A791-1535,false,
X285-6901,false,
Y642-6313,false,
L164-9038,false,
C480-3977,false,
T320-2829,false,
R389-3444,false,
R790-4400,false,
C671-0473,false,
E437-7029,false,
D580-5897,false,
U701-0370,false,
R175-8815,false,
V868-4638,false,
W127-8050,false,
J331-4780,false,
L171-0595,false,
A782-5237,false,
D367-7394,false,
A249-7015,false,
H577-4466,false,
A712-6901,false,
U838-7120,false,
K810-6713,true,3
F730-1680,false,
D587-7739,false,
F884-5461,false,
U555-7220,false,
U685-6544,false,
R080-8277,false,
N861-0295,false,
K375-7097,false,
U805-1237,false,
H780-3567,false,
G772-8447,false,
D131-3756,false,
L895-9591,false,
X875-5376,false,
P693-2883,false,
L710-5982,false,
X543-6808,false,
W162-9204,false,
D851-9438,false,
Y095-5409,false,
N486-4856,false,
L322-4476,false,
P249-0667,false,
D327-8781,false,
R308-7802,false,
E707-0447,false,
V113-9958,false,
K635-3077,false,
J118-7963,false,
H182-4634,false,
F676-7644,false,
R888-3814,false,
F204-6426,false,
U362-9978,false,
Y874-3562,false,
X074-2462,false,
W111-1857,false,
E535-4101,true,3
X036-8350,false,
X070-9492,false,
J344-0946,false,
L163-4781,false,
F479-4241,false,
W826-0031,false,
E287-6624,false,
A359-9041,false,
C109-5153,false,
R475-6359,false,
T403-0141,false,
C597-5818,false,
E409-9776,false,
K753-6301,false,
M672-4833,false,
V560-3255,false,
J022-0428,false,
V117-2188,false,
X418-4938,false,
M742-1692,false,
D165-2276,false,
P775-9090,false,
J283-3902,false,
R271-0648,false,
G233-1141,false,
U664-5929,false,
N790-3070,false,
F816-6724,false,
J753-5919,false,
L775-5946,false,
X480-2932,false,
A966-9266,false,
V778-0340,false,
T017-5135,false,
X124-6966,false,
Y205-7596,false,
D445-6400,false,
W117-8311,false,
W135-9580,false,
D328-3351,true,3
W942-6447,false,
E341-8505,false,
X855-3579,false,
W140-5057,false,
D731-2767,false,
H449-0896,false,
T649-4596,false,
V315-7530,false,
H266-8535,false,
U183-8410,false,
P362-0475,false,
G228-0811,false,
R006-6800,false,
Y412-9998,false,
J360-2719,false,
V781-9881,false,
R426-4323,false,
L414-6940,false,
K428-2508,false,
U104-3252,false,
D125-2131,false,
X699-2923,false,
Y505-5970,false,
E967-8933,false,
A085-0389,false,
V351-4871,false,
Y723-9379,false,
J273-3595,false,
M488-5343,false,
F644-7928,false,
E861-2224,false,
M490-5477,false,
D332-4401,false,
T748-6433,false,
N181-3497,false,
Y636-0376,false,
J104-2489,false,
M128-5778,false,
C359-4093,false,
H969-3708,true,3
M565-7412,false,
W792-2195,false,
M418-7818,false,
K574-5737,false,
E715-4294,false,
N542-7907,false,
V875-4236,false,
A067-2709,false,
P502-1085,false,
R008-4382,false,
M347-7264,true,1
J407-4542,false,
X711-3064,false,
L754-7786,false,
D769-7568,false,
W312-4529,false,
Y083-8842,false,
M608-7943,false,
P490-4152,false,
E866-1031,false,
X727-1825,false,
R943-6521,false,
Y506-1046,false,
T936-9961,false,
U103-3770,false,
T382-4818,false,
W838-2377,true,3
R684-2223,false,
D225-4280,false,
J957-9732,false,
W391-5633,false,
R459-2428,false,
J480-0680,false,
H380-6670,false,
X447-0167,false,
F235-5524,false,
H711-7315,false,
C774-7328,false,
F724-3804,false,
J296-9222,false,
E688-8545,false,
P300-3681,false,
T544-3016,false,
J251-0163,false,
N713-4788,false,
A871-7702,false,
P875-7216,false,
H389-6795,false,
D701-4774,false,
G754-4992,false,
G271-4583,false,
V888-7365,false,
J127-7995,false,
G572-4374,false,
P675-7350,false,
H089-9793,false,
Y864-0349,false,
E912-8427,false,
W380-2555,false,
V832-6391,false,
T442-0187,false,
P216-6284,false,
M812-5687,false,
R410-2772,false,
E134-6380,false,
A032-1277,false,
A279-0779,false,
E765-8333,false,
K807-0698,false,
G849-2859,false,
T019-2099,false,
C457-3715,false,
C410-3528,false,
K404-8160,false,
G269-6940,false,
D000-7599,true,3
X352-4714,false,
J531-0653,false,
M685-8282,false,
E455-4180,false,
Y654-3723,false,
V490-2587,false,
D797-8131,false,
C421-4721,false,
W152-9665,false,
X004-9653,false,
V160-1436,false,
E528-4540,false,
P035-9082,false,
X441-8405,false,
F518-2174,false,
R195-4548,false,
G121-3213,false,
N929-4400,false,
A841-8809,true,1
E387-1682,false,
V775-3376,false,
T003-6353,false,
J736-3235,false,
U313-1673,false,
L327-2000,false,
G346-3940,false,
H584-8216,false,
A591-4747,true,2
D343-8574,false,
G398-4518,false,
A057-9612,false,
K761-6502,false,
F514-3650,false,
Y820-9644,false,
X600-6893,true,1
E658-8436,false,
V138-4847,false,
J570-8040,false,
V217-1327,true,2
E579-8114,false,
M315-9474,false,
D181-9572,false,
W260-0537,false,
T982-0283,true,3
U054-3201,false,
N387-8707,false,
F127-0310,false,
U090-0083,false,
J325-9761,false,
Y965-7879,false,
Y945-4388,false,
X053-9000,false,
K133-9881,false,
R442-9380,true,1
C099-5243,false,
Y967-5801,false,
D660-7633,false,
M184-0845,false,
T174-6210,false,
Y482-2934,false,
R001-6724,false,
P682-1911,false,
E923-5896,false,
F942-5838,false,
X801-5683,false,
T637-4282,false,
D712-4821,false,
D643-9017,false,
E575-0839,false,
E553-3189,false,
W222-3130,false,
V527-8201,false,
T391-9152,false,
Y639-0584,false,
T228-3951,false,
F250-4089,false,
T780-5086,false,
R970-3623,false,
R506-4099,false,
L069-8336,false,
K316-9887,false,
X669-9780,false,
X599-0913,false,
K283-8671,false,
W447-7873,false,
P091-1440,false,
M418-5395,false,
Y000-8555,false,
W852-9237,false,
L238-2311,false,
C862-8827,false,
X238-4588,false,
F280-8707,false,
M294-7920,false,
U404-8836,false,
T333-9249,false,
D301-2655,false,
K573-5582,false,
H614-6509,false,
Y922-4813,false,
D696-0559,false,
N201-5666,false,
J730-9977,false,
Y346-9799,true,3
F830-8220,false,
M425-5461,false,
P282-4653,false,
V267-9169,false,
Y601-7874,true,1
T372-4863,false,
D392-1256,true,3
A491-7788,false,
E908-4841,false,
J475-7874,false,
U308-9009,false,
N304-5735,false,
T405-0968,false,
X839-8573,false,
G567-9113,true,2
D141-1907,false,
H351-0844,false,
X374-6783,false,
D371-2912,false,
E248-2273,false,
E751-2623,false,
Y823-1433,false,
E070-2317,false,
L577-5044,false,
N995-9034,false,
W483-6603,false,
Y609-3452,false,
W612-9556,false,
F918-4090,false,
H773-3660,false,
L659-9224,false,
M486-6432,false,
F148-5396,false,
W298-4959,false,
R811-7974,false,
T350-2859,false,
T856-5558,false,
U668-0590,false,
K923-6835,true,1
N025-5656,false,
J333-1372,false,
W369-7235,false,
T345-5232,false,
T491-8245,false,
J135-7799,false,
C409-8001,false,
D964-8480,false,
J364-8775,false,
V642-8841,false,
W837-0251,false,
W877-7625,false,
C533-4163,false,
M372-6469,false,
A614-3696,false,
N204-4431,false,
Y141-2293,false,
L204-8342,false,
C185-6637,false,
W698-0606,false,
Y928-7954,false,
X199-3050,false,
X991-6104,false,
X168-4290,false,
R996-2690,false,
N872-0624,false,
U462-9369,false,
Y570-8928,false,
L360-7815,false,
G096-9242,false,
G980-5283,true,3
K768-6018,false,
W944-7133,false,
C826-9913,true,2
J014-7508,false,
R988-7119,false,
H479-2839,false,
H750-7523,false,
C204-6988,false,
C350-4469,false,
J086-8868,false,
U728-1518,true,1
H493-5941,false,
Y186-8510,false,
A012-3466,false,
M479-1650,false,
R676-5541,false,
F984-1589,false,
E296-4962,false,
C982-7668,false,
G689-2428,false,
H502-6728,false,
U208-2488,false,
J668-2918,false,
F818-7490,false,
P704-9475,false,
R023-9410,false,
J186-2874,false,
K280-3448,false,
J692-5277,false,
U237-3050,false,
H659-8034,false,
J914-8291,false,
N495-7813,false,
L415-0422,false,
A903-5305,false,
H802-8955,false,
M356-1823,false,
P442-7137,false,
P803-8784,false,
N488-9694,true,3
V585-7176,false,
M006-4321,false,
Y311-7892,false,
R229-9734,false,
R738-4143,false,
X706-3479,true,3
U947-7129,false,
K317-8363,false,
G632-5312,false,
N609-7825,false,
K570-0924,false,
J219-7704,false,
A033-0357,false,
E764-4250,false,
A040-4371,false,
L854-6102,false,
M648-1320,false,
J131-6330,false,
T113-7523,false,
P595-0704,false,
C184-2558,false,
H071-5878,false,
M607-1827,false,
Y114-6694,false,
Y040-0673,true,1
A004-6825,false,
M556-9973,false,
J682-0960,false,
G046-5342,false,
V828-0746,false,
J012-5781,false,
Y946-7293,true,3
A092-8695,false,
K045-0596,false,
F252-2390,false,
A869-0938,false,
N022-1598,false,
T069-5662,false,
P797-4555,false,
L732-1972,false,
W787-1992,false,
J806-4527,false,
U980-5115,false,
F000-1572,false,
L104-6449,false,
F276-8374,false,
M131-7992,false,
P484-5844,false,
M216-7512,false,
A585-8426,false,
Y710-1109,false,
W820-5420,false,
K115-1294,false,
C219-3777,false,
L548-1445,false,
H011-6231,false,
L172-2964,false,
M518-9633,false,
J596-4507,false,
J418-1742,false,
E941-4220,true,3
P951-1000,false,
N961-5294,false,
K961-1090,false,
R781-5291,false,
U610-0090,false,
X419-2778,false,
T135-9467,false,
C246-3644,false,
G182-1805,false,
L767-3901,false,
G176-7840,false,
M721-3214,false,
T224-7109,false,
H246-7581,false,
K892-2192,false,
X458-7520,false,
F315-4354,false,
M615-3961,false,
Y216-7123,false,
T259-5477,false,
Y002-4498,false,
R543-0395,false,
R413-0453,false,
G549-2703,false,
V048-5282,false,
J434-0378,false,
K807-3125,false,
R318-0726,false,
R376-9688,false,
K956-7567,false,
K607-8219,false,
Y781-9695,false,
U879-5314,false,
M671-3428,false,
K199-3685,false,
H780-7108,false,
D617-0728,false,
A041-9393,false,
N160-2736,false,
K070-7229,false,
G766-2714,false,
C080-1872,false,
N843-6896,false,
L670-0491,false,
J417-9635,false,
L211-0787,false,
H325-3189,false,
A376-3913,false,
M141-0153,false,
G885-4891,false,
T608-8552,false,
Y744-2472,true,3
J381-2532,false,
J964-4506,false,
L657-0996,false,
L263-0217,false,
W862-9146,false,
R023-0804,false,
W762-5488,false,
T756-5673,false,
H567-2248,false,
H061-4332,false,
E872-7146,false,
W732-6345,false,
T988-4379,false,
P687-9871,false,
N228-7191,false,
E013-0228,false,
T911-1385,false,
R330-2342,false,
U322-1674,false,
H660-1602,false,
H849-6285,false,
T725-4959,false,
P893-3158,false,
Y905-5301,true,1
L223-8222,false,
P275-8080,false,
V690-3587,false,
P109-3081,true,1
L694-7708,false,
K177-5484,false,
M716-6552,false,
H462-0809,false,
T926-5942,false,
N301-1659,false,
N684-9927,false,
G644-9799,false,
H494-4867,false,
R116-3795,false,
W073-7086,false,
G072-6324,false,
D069-6751,true,2
X864-3109,false,
M644-8763,false,
A610-5354,false,
N917-5955,false,
T833-6643,false,
D133-7357,false,
T825-7782,false,
K668-4401,false,
E417-4598,false,
W813-0295,false,
V042-2489,false,
M818-6561,false,
P971-6580,false,
U143-1480,false,
T499-5243,false,
X934-2872,true,2
D972-8937,false,
T342-0727,false,
N643-0155,true,3
R157-6855,false,
V872-2675,false,
H680-4361,false,
U275-9489,false,
W866-8629,false,
J230-9062,false,
R789-2006,false,
L376-8558,false,
W300-3471,false,
V270-7793,false,
V360-6035,false,
M274-2397,false,
A770-2728,false,
E721-7679,false,
F361-5994,false,
P433-9620,false,
P682-2250,false,
Y211-9960,false,
U347-4477,false,
T679-5481,false,
T390-0619,false,
C618-5955,false,
H860-2149,false,
P687-8554,false,
C954-0657,false,
A083-9149,false,
V628-6892,false,
Y579-4050,false,
T372-9587,false,
U096-8664,false,
J987-0887,false,
J012-7311,false,
J892-1150,false,
F027-4408,false,
C762-4946,false,
Y714-5850,false,
C059-7130,false,
A466-2849,false,
K975-5933,false,
J028-0188,false,
Y947-4725,false,
H941-4894,false,
U101-6353,false,
W876-7340,false,
Y282-5893,false,
M488-2052,false,
W026-8429,false,
F469-5515,false,
D476-6824,false,
H003-0719,false,
W089-4359,false,
Y558-6250,true,1
P661-4530,false,
T617-0974,false,
D941-6150,false,
L395-5749,false,
T264-3401,false,
E084-8412,false,
P241-8012,false,
C292-1538,false,
A874-7684,false,
J893-4084,false,
W903-4363,false,
K452-7049,false,
N165-8273,false,
F671-7260,false,
C403-3103,false,
U933-8583,false,
D931-6023,false,
F325-8359,false,
Y279-8075,false,
L812-0670,false,
R007-1505,false,
R429-5071,false,
M524-7804,false,
J280-0009,false,
P799-1139,false,
K351-3853,false,
W848-3429,false,
K255-4758,false,
H051-3505,false,
A738-6088,false,
A539-9290,false,
M144-5290,false,
C788-9039,false,
A112-1314,false,
T546-7089,false,
A092-0471,false,
J816-1030,false,
K485-9086,false,
E821-0658,false,
V785-0638,false,
T174-0717,false,
J811-2310,false,
A054-4659,false,
J523-0761,false,
Y509-4561,false,
A508-1003,false,
E850-2930,false,
R815-0403,false,
Y304-1843,false,
U444-7289,false,
J994-0773,false,
L056-3022,false,
L095-5477,false,
D999-0122,false,
D476-2170,false,
H750-1427,false,
K145-8627,false,
J994-6748,false,
M480-5668,false,
G147-7953,false,
A418-6861,false,
D491-8578,false,
K091-6280,false,
E713-7598,false,
F574-4123,false,
C062-9919,false,
R906-8020,false,
E009-3519,false,
J311-9136,false,
N614-6307,false,
M322-1838,false,
D853-3882,false,
J369-9030,false,
X521-1095,false,
N783-5606,false,
R753-9451,false,
J739-6050,false,
W647-0898,false,
A960-2606,false,
H105-0824,false,
K741-8237,false,
D983-0291,false,
R808-2855,false,
P043-6175,false,
C752-6069,false,
W929-6516,false,
H460-2611,false,
X674-8749,false,
P310-7380,false,
N614-6928,false,
C639-9327,false,
Y951-6349,false,
D352-1727,false,
R544-6968,false,
F611-3462,false,
W648-5499,false,
C445-4030,false,
X001-9251,false,
E626-9898,false,
M053-9785,false,
A307-8187,false,
A410-2717,true,3
P234-0513,false,
X202-0046,false,
L379-7982,false,
R549-1115,false,
K369-5755,true,2
D836-8322,false,
K277-4276,false,
M801-2947,false,
N328-9612,false,
C697-8494,false,
J617-1021,false,
X914-3756,false,
M783-1794,false,
T827-7375,false,
U892-4043,false,
T222-7834,false,
F538-0275,false,
L401-9344,false,
F331-1613,false,
G423-0063,false,
V179-8682,false,
K658-8222,false,
G589-0384,false,
P793-9180,false,
C830-3592,false,
Y033-8644,false,
X899-0210,false,
K767-4661,false,
L423-9359,false,
F304-4583,false,
Y213-8312,false,
N731-7471,false,
H681-4879,false,
P156-7549,false,
P346-4827,false,
G846-2922,false,
N269-6673,true,3
A457-2091,false,
T014-9667,false,
A369-8641,false,
L608-9248,true,2
R370-5619,false,
H796-7731,false,
H599-1940,false,
M905-6350,false,
N923-9005,false,
K793-0386,false,
H420-4362,false,
E756-5063,false,
D835-9915,false,
W097-7831,false,
H970-8644,false,
L498-9297,false,
X631-4944,true,2
P417-1710,false,
U725-6688,false,
K630-9072,false,
C607-4772,false,
D744-6383,false,
A729-5237,false,
H023-8523,false,
N831-1493,false,
J061-6455,false,
D894-1133,false,
G390-1019,false,
D302-9888,false,
Y022-8790,false,
X634-5934,false,
G534-2363,false,
D814-7073,false,
A263-4490,false,
U525-2993,false,
L372-8901,false,
M755-4335,false,
T790-3950,false,
M160-5255,false,
K229-0946,false,
R118-9273,false,
G648-1968,false,
J144-3760,false,
G236-5981,false,
G722-1563,false,
J598-0276,false,
D992-0979,false,
U456-5934,false,
R298-4521,false,
A188-4840,false,
R813-2418,false,
K582-5499,false,
K327-0465,false,
H314-0804,false,
L087-1716,false,
X511-8594,false,
G694-1659,false,
L005-3669,false,
F214-9790,false,
D765-2365,false,
C083-4126,false,
V461-0521,false,
U113-7945,false,
M216-4930,false,
U598-9843,false,
X400-1609,false,
M448-0064,false,
Y909-4475,false,
F496-3151,false,
Y071-9965,false,
X253-1359,false,
T495-7554,false,
Y401-6568,false,
R060-5949,false,
R064-8529,true,2
A558-4849,false,
T626-1943,false,
Y305-9738,false,
P708-5046,false,
H684-8683,false,
N349-6843,false,
H635-3856,false,
D603-2366,false,
J723-2634,false,
T337-5476,false,
W199-5157,false,
E710-3699,false,
G263-2173,false,
W049-9864,false,
F172-7356,false,
E837-4028,false,
L229-2563,false,
A305-4993,false,
L151-4976,false,
J006-0058,false,
G743-5114,false,
C851-4877,false,
E636-1235,false,
D410-4446,true,2
L334-3211,false,
V745-9665,false,
E338-1756,false,
A864-9229,true,3
F641-3260,false,
A203-9662,false,
E557-3013,false,
R519-7091,false,
P582-2022,false,
E397-1101,false,
C268-5292,false,
U034-3740,false,
A559-8056,false,
C699-9518,false,
X454-9016,false,
Y198-8323,false,
Y754-2451,false,
L015-7204,false,
D064-8918,false,
W815-2607,false,
M450-3637,false,
V996-5600,false,
F832-7080,false,
M646-6289,false,
V037-9491,false,
A523-1243,false,
U154-8927,false,
N729-0654,false,
C274-9006,false,
A173-1163,true,1
P068-1270,false,
L680-5026,true,2
F680-3380,false,
T646-5674,false,
H953-2272,false,
K488-3291,false,
V043-8593,false,
X776-8717,false,
T867-8690,false,
G117-7834,false,
P737-0874,false,
F257-7795,false,
T043-9206,false,
W712-9719,false,
D557-2632,false,
U624-5489,false,
N190-7249,false,
C438-3001,false,
U144-0179,false,
M387-1366,false,
W396-9822,false,
F920-5776,false,
H590-1990,false,
K494-3057,false,
C870-8213,true,3
A434-5396,false,
W384-9656,false,
Y677-5841,false,
K021-1294,false,
G056-7337,false,
W724-8024,false,
U174-3769,false,
W821-1655,false,
U566-3553,false,
G940-8760,false,
F726-1413,true,3
G856-5542,false,
M883-0164,false,
U788-2343,false,
Y521-2997,false,
M955-6391,false,
A119-7914,false,
W664-8964,false,
R039-2406,false,
Y578-0688,false,
X562-7490,false,
K585-1019,false,
E697-9556,false,
W499-2257,false,
U778-8235,false,
N197-2420,false,
W154-3325,false,
R661-3620,true,1
L615-6310,false,
F044-8592,false,
M081-3664,false,
C499-0487,false,
U908-1451,false,
Y161-8937,true,2
G961-5856,false,
C092-3462,false,
F555-9823,false,
R026-3327,false,
Y313-9975,false,
F047-1465,false,
D688-6553,false,
V031-4074,false,
T977-2010,false,
P077-7617,false,
L646-7325,false,
U366-3947,false,
T495-0514,false,
H094-4290,false,
V118-3471,false,
F734-6252,false,
C910-5593,false,
G490-7828,false,
D394-0300,false,
T636-7618,false,
A032-0715,false,
K532-4980,false,
U726-1518,false,
P251-7922,false,
Y133-2134,false,
P229-2275,false,
H930-2381,false,
Y500-7199,false,
P523-8550,false,
L915-5765,false,
N814-3204,false,
X346-3521,false,
P182-5129,false,
C696-5014,false,
P550-7992,false,
G342-0958,false,
W762-0189,false,
E511-4583,false,
T123-2878,false,
A164-9424,false,
D782-9178,false,
H103-8988,false,
K684-0563,false,
E972-8200,false,
W636-8496,false,
F136-5188,false,
D391-8521,false,
N956-0913,false,
J954-5311,false,
D890-2441,false,
R309-8739,false,
V192-5602,false,
T436-2776,false,
F856-9046,true,3
J766-1489,false,
K928-8726,false,
V273-9850,false,
M839-5288,false,
F562-6037,false,
G373-8786,false,
J898-3665,false,
E817-3654,false,
F876-9250,false,
Y760-8360,false,
H307-3731,false,
X065-9009,false,
A587-7836,false,
K684-2443,false,
N777-9444,false,
R644-8126,false,
V580-7512,false,
Y847-6473,false,
V832-4961,false,
M715-5792,false,
L264-3048,false,
W804-2601,false,
Y722-8722,false,
P933-2006,false,
U375-2207,false,
C411-9670,false,
A324-5701,false,
W555-5167,false,
C826-2312,false,
M028-9797,false,
R078-1982,false,
J219-5847,false,
H664-1177,false,
F633-9693,false,
F198-6916,false,
P379-4375,false,
G192-0552,false,
M551-5297,false,
P800-3423,false,
W740-3819,false,
K321-6355,false,
T206-9920,false,
W135-5270,false,
V250-9846,false,
U073-5161,false,
P297-4621,false,
L092-7264,false,
N860-4656,false,
A092-6029,false,
A093-5369,false,
T092-1060,false,
V592-8862,false,
M700-2207,false,
M921-5247,true,2
H769-6142,false,
J163-4929,true,2
G870-9886,false,
A534-2512,false,
A668-7692,false,
H356-7868,false,
K021-8583,false,
L001-4881,false,
W664-4565,false,
D499-7000,false,
G928-3369,false,
P135-4723,false,
G209-2945,false,
E141-8200,true,3
V099-2492,false,
V438-1623,false,
J682-3416,false,
E013-5017,false,
N190-8723,false,
N029-6132,false,
K437-1537,false,
V533-5202,false,
U205-2015,false,
E840-1525,true,3
M330-2373,false,
R536-1606,false,
F904-3416,false,
A726-1633,false,
R007-4482,false,
F859-5618,false,
V597-3313,false,
Y473-0344,false,
G786-2174,false,
U896-5045,false,
L203-6423,false,
N416-4886,false,
V417-7217,false,
L699-8246,false,
A309-1330,false,
X044-7234,false,
E778-5749,false,
H992-2738,false,
C924-6956,false,
M674-2190,false,
T138-9673,false,
X786-1409,false,
P887-4522,false,
M976-9945,false,
R867-1030,false,
V762-5484,false,
A360-9058,false,
L765-8818,false,
C221-6857,false,
C641-0744,false,
X572-3489,false,
E606-5346,false,
J666-9219,false,
V840-5442,false,
P334-0900,false,
M640-5432,false,
R466-3648,false,
U319-2923,false,
M162-0217,false,
X165-1492,false,
T052-6268,false,
X781-8198,false,
J221-2683,false,
K574-5874,false,
E658-1680,false,
R712-2298,false,
Y230-0847,false,
H225-7278,false,
F038-2299,false,
K260-9041,false,
N404-5198,false,
H247-1703,false,
T581-3170,false,
T505-7456,false,
V623-4157,false,
C658-1220,false,
V922-1357,false,
P129-5434,false,
L575-4572,false,
T866-6617,false,
C546-4497,false,
J837-4638,false,
W788-8360,false,
C482-6400,false,
Y280-3381,false,
E303-0948,true,3
H388-9653,false,
X315-9046,false,
K252-2194,false,
V078-4604,false,
F855-1349,false,
D735-6716,false,
P376-2229,false,
A007-0676,false,
E750-6414,false,
C806-2741,false,
M893-3119,false,
F275-8632,false,
D582-8175,false,
L415-1462,false,
J197-2041,false,
G736-6462,false,
A717-7436,false,
J523-5176,false,
M461-7338,false,
P005-4200,true,3
L472-7779,false,
Y854-8819,false,
Y606-5422,false,
G159-1593,false,
J043-2475,false,
G476-9020,false,
X789-7991,false,
C515-0975,false,
K265-1226,false,
J718-7320,false,
Y450-6531,false,
T915-8918,false,
W554-8802,false,
P323-3499,false,
W480-3004,true,1
M801-0812,true,3
G227-7242,false,
D225-4871,false,
C115-1304,false,
U949-9109,false,
L910-4629,false,
X531-9595,false,
J172-0198,false,
D146-3598,false,
X350-4521,false,
F269-5550,false,
Y137-9090,false,
P813-6355,false,
N274-7261,false,
R179-8442,false,
X618-3906,false,
H545-0595,false,
X093-3114,false,
P180-7204,false,
K847-4891,false,
W420-0128,false,
X530-2059,false,
Y812-8584,false,
U376-7628,false,
K952-7060,false,
M115-9464,false,
A709-1376,false,
W218-5642,false,
J048-8752,false,
D440-9678,false,
N059-3593,false,
L769-7269,false,
H599-1525,false,
T470-7931,false,
Y228-3805,false,
L881-8204,false,
E922-9595,false,
U729-1565,false,
K498-5943,true,2
W520-7474,false,
L755-1216,false,
D621-2051,false,
Y051-3159,false,
F860-1125,false,
R113-9937,false,
H676-9039,false,
R796-8061,false,
H302-1548,false,
G768-4376,false,
H456-9046,false,
D942-1264,false,
D144-2074,false,
L711-3753,false,
M840-0180,false,
R862-4782,false,
U095-9413,false,
T038-1918,false,
R965-2459,false,
J085-8472,false,
L363-5883,false,
D998-6376,false,
N600-2448,false,
W144-1575,false,
W552-7756,false,
L951-1989,false,
R714-5854,false,
N394-4174,false,
D867-3637,false,
C298-6234,false,
E999-7155,false,
P237-9475,false,
P280-8601,false,
L377-3412,false,
J320-2614,true,3
F851-1172,false,
K440-8746,false,
T855-1183,false,
W293-2349,false,
N631-0842,false,
J438-1461,false,
W716-0074,false,
D977-9374,false,
M305-9572,false,
U513-6876,false,
E282-5864,false,
D787-5843,false,
W849-0405,false,
G779-1803,false,
X172-2839,false,
R584-1736,false,
V899-1829,false,
X521-2392,false,
R108-0589,false,
K192-4853,false,
X399-6791,false,
W698-7254,false,
E260-2533,false,
V341-0231,false,
P165-4816,false,
R930-4245,false,
P253-8129,false,
N217-6165,true,1
D114-5700,false,
Y208-6204,false,
C713-4904,false,
L891-1060,false,
X310-5623,false,
R572-1886,false,
M027-4671,false,
C621-2360,false,
F161-4968,false,
E559-9732,false,
X754-8777,false,
G171-8232,false,
V195-8890,false,
L474-8919,false,
X778-5912,true,1
U759-0462,false,
M482-7914,false,
M134-8564,true,2
K109-3563,false,
X902-7922,false,
W999-1372,false,
W005-9793,false,
L280-2151,false,
H480-7457,false,
V834-8424,false,
X385-2597,false,
F320-8838,false,
M926-7391,false,
Y808-3605,false,
U517-6330,false,
H466-2959,false,
F088-0918,false,
V712-2769,false,
F924-8787,false,
C097-9342,false,
L104-5214,false,
R927-6124,false,
X640-8583,false,
L250-7183,false,
H866-2134,false,
D814-1493,false,
V740-6320,false,
M750-8863,false,
J249-7436,false,
N762-3145,false,
C864-2805,false,
Y961-1632,false,
P790-0136,false,
X174-8723,true,2
N678-2936,false,
P515-6744,false,
N925-5114,false,
G129-7745,false,
K863-6305,false,
R622-2010,false,
X337-3938,false,
R827-1511,false,
T141-7640,false,
F934-4935,false,
W039-9851,false,
M447-1889,false,
G919-5371,false,
J144-4076,false,
X371-9823,false,
P705-4152,false,
J389-8646,false,
G737-3238,false,
D688-3059,false,
C152-9589,false,
J004-6579,false,
T727-4372,false,
W580-5117,false,
L324-1768,false,
F045-9867,false,
P472-1334,false,
D320-1038,false,
R487-8608,false,
H850-0280,false,
G228-2656,false,
M413-4062,false,
H774-5539,false,
X419-7715,false,
U957-3233,false,
L334-4831,true,3
E709-7516,false,
A841-1545,false,
F754-1593,false,
C212-5814,false,
U816-3810,false,
X596-7337,false,
F483-7258,false,
P586-5029,false,
W255-8230,false,
D616-3259,false,
T012-2863,false,
A193-5936,false,
A510-6073,false,
M712-3693,false,
F959-9880,false,
G843-3904,false,
P303-9708,false,
H808-3072,false,
L974-4617,false,
L493-0675,false,
C925-1745,false,
R736-1746,false,
A288-0324,false,
L822-2934,false,
T320-0404,false,
A049-4163,false,
J992-8269,false,
F374-1300,false,
A335-6845,false,
U704-6942,false,
Y408-7380,false,
W699-5911,true,2
H046-5876,false,
A000-4548,false,
P302-5465,false,
A080-7547,false,
A635-7591,false,
K272-4970,false,
J938-5421,false,
T285-7783,false,
U989-5088,false,
U424-5827,false,
J268-6575,false,
K417-1665,false,
M416-2930,false,
J277-3625,false,
E009-5834,false,
P738-5732,false,
V603-2946,true,1
V687-0925,false,
K827-9258,false,
E620-1494,false,
U507-8200,false,
J467-2903,false,
X747-4089,false,
A292-0874,false,
X675-7722,false,
W456-4354,false,
F643-7417,false,
V656-3270,false,
F234-3492,false,
D551-7127,false,
G007-7880,false,
V644-1045,false,
E657-1893,false,
U486-4895,false,
L376-9150,false,
M754-5452,false,
V285-0801,false,
R282-6905,false,
U323-3455,false,
T461-6803,false,
M718-3942,false,
H451-3820,false,
J552-0883,false,
M814-3055,false,
F760-0913,false,
G602-3450,false,
H179-6347,false,
K490-5121,false,
U766-2386,false,
J325-4232,false,
T650-9885,false,
L585-7973,false,
D989-0790,false,
X023-9947,false,
G847-7160,false,
G120-3333,false,
G288-8965,false,
P980-4408,false,
Y599-6242,false,
W463-8809,false,
D262-1954,false,
L687-7745,false,
V015-6680,false,
L939-8120,false,
K460-3451,false,
Y912-3437,false,
V749-7608,false,
D969-2583,false,
T286-3167,false,
P036-6076,false,
X952-8226,false,
T616-9184,false,
L289-2530,false,
A423-7912,false,
X111-2294,false,
V684-0111,true,1
C588-9239,false,
E108-8835,false,
P975-0218,false,
G341-2281,true,1
R252-6507,false,
N415-5867,false,
J911-9688,false,
M655-8852,false,
W960-1369,false,
Y897-9936,false,
Y538-7972,false,
R343-4648,false,
Y621-6431,false,
U592-1132,false,
G930-2883,false,
A734-8162,false,
M317-8805,false,
J107-7313,false,
R476-4997,false,
Y611-4316,false,
Y218-3715,false,
X623-0869,false,
W087-0690,false,
V906-8644,false,
E831-8433,false,
R424-1134,false,
D742-7556,false,
W530-4169,false,
D163-7433,false,
M531-8937,false,
F985-9134,false,
K329-6807,false,
R019-7056,false,
A398-5438,false,
Y060-0510,false,
E194-2221,false,
J722-9538,false,
D768-2350,false,
H535-1602,false,
F698-2325,false,
X989-9998,false,
C252-8307,false,
M409-3413,false,
A077-3883,false,
E566-0171,false,
K927-3089,false,
X101-2427,false,
W414-2111,false,
U005-6600,false,
U246-8423,false,
J210-0639,false,
P326-9876,false,
T989-1805,false,
W968-1850,false,
C644-5561,false,
D945-7671,false,
T205-4859,true,1
D058-5543,false,
P643-2058,false,
E317-6587,false,
Y738-8237,false,
D867-6065,false,
J762-4393,false,
T563-9577,false,
U394-3811,false,
F744-2316,false,
W072-8764,false,
L825-7322,false,
Y190-1901,false,
R984-9119,false,
K497-8292,false,
F240-8203,false,
N207-9219,false,
C713-3446,false,
A237-5310,false,
R336-6017,false,
F548-1888,false,
A761-1519,false,
V874-0687,false,
G298-1517,false,
W627-3168,false,
L032-7003,false,
L214-1134,false,
D612-5916,false,
P320-8240,false,
L841-9718,false,
U102-8550,false,
X366-8111,false,
D172-6160,false,
C800-9243,false,
M197-0044,false,
M572-0102,false,
X210-3829,false,
E471-7868,false,
A624-8909,false,
R514-2709,false,
E181-9298,false,
R440-8668,false,
R337-8326,false,
U065-3747,false,
V247-2737,false,
X459-1750,false,
L762-3009,false,
U114-3844,false,
E584-2928,false,
Y427-1027,false,
C008-2117,false,
W953-6256,false,
K319-7358,false,
T360-0344,false,
P096-9975,false,
W301-9025,false,
R837-0465,false,
R003-1687,false,
X815-8437,false,
L175-3912,false,
Y544-7533,true,2
Y918-2030,false,
F463-8404,false,
G650-1963,false,
P307-9823,false,
H601-4618,true,1
Y069-2322,false,
U366-1921,false,
H136-2958,false,
X183-3112,false,
M928-0058,false,
G825-0650,false,
F861-6415,false,
C118-7212,false,
Y935-2896,false,
Y501-7142,true,1
J761-0115,false,
A359-6954,false,
E040-3519,false,
U104-3759,false,
Y719-0079,false,
X929-2884,false,
Y910-6855,false,
P108-4139,false,
X549-9193,false,
Y625-7734,false,
K084-2940,false,
A445-0419,false,
A368-1822,false,
K250-6116,false,
H468-3440,false,
T104-4357,true,3
V983-6629,false,
F391-1104,false,
M457-6091,false,
F805-6992,false,
J599-6079,false,
Y769-7792,false,
X190-9003,false,
W771-4772,false,
V152-9832,false,
E102-8250,false,
W188-0281,false,
K009-9765,false,
G628-1402,false,
E366-4982,false,
H819-7689,false,
D996-4924,false,
M448-3942,false,
F934-5940,false,
N168-7232,false,
V766-3057,false,
U415-2063,false,
X247-7467,false,
J763-4455,false,
K536-3255,false,
U143-4088,false,
D130-8311,false,
P639-6586,false,
F971-3773,false,
J571-8946,false,
Y202-5026,false,
Y531-9554,false,
U161-3519,true,2
D768-2777,false,
T819-6257,false,
X653-0068,true,1
H617-4308,false,
W443-1812,false,
G550-9612,false,
E582-4164,false,
L854-5505,false,
Y402-5672,false,
U512-4198,false,
H100-9685,false,
U603-8204,false,
H993-4005,false,
V125-3429,false,
V184-5892,false,
A062-4592,false,
H084-5900,false,
A298-9017,false,
X076-7441,false,
D143-0322,false,
F744-6705,false,
G631-9114,false,
W441-1941,false,
J143-3262,false,
K131-3270,false,
L978-1829,false,
V708-2886,true,3
G853-6756,false,
N324-0657,false,
W262-8857,false,
P154-6666,false,
M504-4698,false,
G552-4927,false,
T287-1390,false,
P645-1065,false,
E538-0330,false,
X783-8689,false,
P026-6365,false,
M685-7794,true,3
R558-5139,false,
M898-2532,false,
J414-9910,false,
F428-6240,false,
V891-1622,false,
P197-3879,false,
W694-1334,false,
U144-8139,false,
H373-0086,false,
U326-7347,false,
V497-1709,false,
Y251-7901,false,
F393-0967,false,
T781-8816,false,
A441-2710,false,
P246-2016,false,
G023-9937,false,
W302-4737,false,
W584-6698,false,
T363-1326,false,
U697-5678,false,
M069-7923,false,
D866-8539,false,
D226-6105,false,
G095-7743,false,
M695-8622,false,
K527-4888,false,
R472-8042,false,
T481-9095,false,
V431-7571,false,
T221-1235,false,
D101-5325,false,
F288-0233,false,
K617-6997,false,
U867-8050,false,
M875-2220,true,2
W878-5863,true,2
J380-1776,false,
L297-5685,true,3
Y446-9528,false,
R869-4580,false,
A478-2698,false,
J636-3683,false,
T319-2994,false,
X509-4160,false,
G471-5523,false,
H737-1915,false,
R010-8112,true,3
N519-5305,false,
D707-0348,false,
K422-2463,false,
N859-8654,false,
R815-6781,false,
D626-5980,false,
N437-6739,false,
H437-1861,false,
E117-6225,false,
H135-0892,false,
C851-2549,false,
F911-0719,false,
W727-5470,false,
G980-0855,false,
E036-0060,false,
W009-8451,false,
V225-6062,false,
K593-1269,false,
D961-3406,false,
M584-6116,false,
Y763-8206,false,
F646-5555,false,
E782-4747,false,
G380-6476,false,
R715-7139,false,
N969-9680,false,
R611-3296,false,
X727-8507,false,
H934-6836,false,
E830-5724,false,
R521-1441,false,
A454-2218,false,
X091-8163,false,
Y168-9336,false,
K780-8192,false,
C183-7231,false,
F442-6311,false,
J443-9963,false,
W102-3862,false,
M879-7617,false,
A291-4384,false,
F207-8964,false,
Y766-1818,false,
K639-4801,false,
H261-3184,false,
E953-4831,false,
P512-0378,false,
N114-1859,false,
T006-9589,false,
L321-2532,false,
Y013-7222,true,3
G501-9910,false,
K008-5592,false,
W991-5350,false,
T115-3576,false,
M562-3950,false,
U576-7703,false,
J533-0579,false,
R467-9133,false,
L437-3697,false,
T030-1039,false,
E675-9241,false,
J144-2334,false,
X273-1280,false,
L302-9710,false,
R203-4750,false,
U915-2707,false,
Y328-8265,false,
W109-2327,false,
N391-3596,true,3
V342-6387,false,
F504-7212,false,
P189-5054,true,2
G592-4950,false,
W565-3743,false,
E984-9535,false,
E550-8692,false,
G414-6427,false,
G058-5908,false,
T738-7129,false,
L507-9835,false,
Y569-6484,false,
R529-5261,false,
Y740-2561,false,
M547-2817,false,
P994-9606,false,
A497-7150,false,
F060-0203,false,
D013-0844,false,
C201-3881,false,
J808-6157,false,
W247-7269,false,
M609-7724,false,
X029-3680,false,
L670-7033,false,
A146-5620,false,
P721-6524,false,
E844-5252,false,
R860-3998,false,
P869-4373,false,
L250-1113,false,
K203-9645,false,
M671-3797,false,
A036-7477,true,1
T217-6427,false,
K806-2700,false,
T499-8718,false,
F057-0061,false,
C551-8281,false,
G688-6119,false,
E711-6088,false,
C001-6790,false,
Y921-5859,false,
V962-7876,false,
Y283-1702,false,
K719-9479,false,
N475-2758,false,
H921-5106,false,
T566-9096,false,
N251-9820,false,
A861-1013,false,
W898-5713,false,
G527-6081,false,
J740-6011,false,
G069-5942,false,
Y461-4763,false,
J624-7729,false,
U930-0716,false,
W800-5638,false,
M038-4263,false,
W742-1505,false,
F535-7808,false,
R397-7710,false,
K436-6846,false,
K255-9091,false,
D802-6841,false,
Y050-9392,false,
A412-0269,false,
D296-2014,false,
K442-3133,false,
E471-8037,false,
G003-8637,false,
C665-8793,false,
P738-0868,false,
Y901-9641,false,
T206-7963,false,
X371-1870,false,
W352-9540,false,
J632-8045,false,
U304-3970,false,
P135-0137,false,
F218-3473,false,
P760-5699,false,
Y572-8163,false,
G392-6470,false,
K268-6769,false,
L935-8623,false,
N736-1869,false,
W416-6666,false,
H352-7422,false,
L466-6096,false,
V370-6520,false,
D232-7428,false,
A871-6891,false,
N228-2601,false,
J792-9578,false,
D705-8123,false,
P795-5913,false,
L921-3744,false,
U577-5124,false,
J902-7968,false,
V818-5352,false,
C894-7641,false,
E952-6200,false,
Y459-7487,false,
A764-7214,false,
T201-8802,false,
G116-6909,false,
U156-7603,false,
N432-5770,false,
T567-9926,false,
K242-2349,false,
E683-0995,true,2
W080-5881,false,
E708-2242,false,
F292-3234,false,
R662-3294,true,2
J522-0703,false,
A272-8120,false,
V479-1288,false,
G635-8534,false,
L511-2137,false,
E718-8280,false,
N423-6500,false,
H765-9213,false,
Y811-0883,false,
P382-5034,false,
M511-6901,false,
M395-5218,false,
M567-2111,false,
P148-6233,false,
C200-7586,false,
A179-4529,false,
Y349-7496,false,
N307-8478,false,
D045-7807,false,
E165-3341,false,
U402-7540,false,
A339-2731,false,
T769-4728,false,
C422-3254,false,
X916-4692,false,
G677-4114,false,
C112-0791,false,
K488-3207,false,
F743-9167,false,
W677-1308,false,
W866-2044,false,
H718-9446,false,
A952-4541,false,
R590-8210,false,
D284-6682,false,
A037-3477,false,
H961-0771,false,
C551-9585,false,
U554-1255,false,
F876-0137,false,
P223-3645,false,
D247-7437,false,
P616-8871,false,
N793-0207,false,
N686-9896,false,
L757-8627,false,
P060-4089,false,
P967-4572,false,
J987-5290,false,
J633-3704,false,
K036-4602,false,
D330-7893,false,
E916-3384,false,
H704-5644,false,
V280-4350,false,
J437-0607,false,
V609-4679,false,
C555-5976,false,
K928-8054,false,
C736-0374,false,
E733-9451,false,
Y275-1324,false,
G621-1899,false,
H208-5170,false,
H170-5310,false,
G690-6186,false,
D023-3252,false,
K596-8860,false,
L556-2069,false,
J221-0730,false,
X417-0203,false,
T633-1621,false,
F686-9780,false,
X414-5533,false,
P661-9130,false,
V050-7337,false,
A872-7861,false,
E017-0456,false,
Y364-8893,false,
R313-4879,false,
F002-7321,false,
R492-2329,false,
E073-1157,false,
H709-1501,false,
K079-0152,false,
W393-2037,false,
N699-6798,false,
T422-8078,false,
F362-2757,false,
M378-3836,false,
W130-5719,false,
L097-6810,false,
M735-4520,false,
V037-2652,false,
A679-3507,false,
G024-7687,false,
H913-0706,false,
W785-6438,false,
D682-2145,false,
J493-4785,false,
E936-0326,false,
P712-6159,false,
E873-8132,false,
W084-4681,false,
N758-9496,true,2
G352-6953,false,
W054-6225,false,
Y781-9903,false,
K560-2622,false,
J531-8977,true,3
E816-2914,false,
V161-6817,false,
Y243-4015,false,
N215-7645,false,
W364-4514,false,
U172-5869,false,
J687-7790,false,
T230-4347,false,
H358-9071,false,
K654-5174,true,3
G248-1874,false,
P533-6586,false,
A839-1035,false,
D730-6667,false,
N321-6504,false,
R829-5704,false,
M934-5083,false,
P436-4763,false,
T508-3524,false,
G502-6102,false,
P751-5379,false,
Y328-0691,false,
X995-0041,false,
V251-1787,false,
T959-9648,false,
G513-9750,false,
H290-5402,false,
P466-7161,false,
G541-2148,false,
R873-5205,false,
G256-8387,false,
D922-0762,false,
A829-9058,false,
L725-8565,false,
H229-0950,false,
G811-7769,false,
P149-1132,false,
J243-2674,false,
J029-0775,false,
C756-7028,false,
X744-4228,false,
T177-8974,false,
N255-0702,false,
J011-1616,false,
F754-7610,false,
A900-4266,false,
E179-9194,false,
E049-4281,false,
C052-8814,false,
F580-4612,false,
L026-6013,false,
J818-1026,false,
X584-6419,false,
F785-9185,false,
N840-4927,false,
T304-8790,false,
Y802-9964,false,
E721-4756,false,
K419-6473,false,
C018-5574,true,1
T803-6059,false,
C788-9475,false,
W380-4325,false,
F350-7776,false,
P414-3171,false,
U915-2557,false,
X404-2526,false,
A316-4768,true,1
Y813-8647,false,
C902-0340,false,
W500-5419,false,
C266-8366,false,
P825-6460,false,
P134-2370,false,
K369-5429,false,
Y942-8344,true,3
W946-1039,false,
M937-8106,false,
V340-9306,false,
W361-8438,false,
L772-0849,false,
A562-0688,false,
P875-3793,false,
R345-4140,false,
E963-3372,false,
D901-1600,false,
U938-3880,false,
P353-2790,false,
F697-4410,false,
C581-6740,false,
C424-4405,false,
Y389-9894,false,
Y247-9657,false,
P133-7519,false,
V019-6668,false,
J950-6434,false,
X227-0139,false,
D941-1661,false,
T364-8004,false,
T035-8277,false,
M020-2515,false,
J444-0062,false,
Y171-8339,false,
P893-5103,false,
V271-3482,false,
X896-7508,false,
W683-0735,false,
L970-1035,false,
M650-1730,false,
X469-4154,false,
W517-9428,false,
A296-6376,false,
P891-1162,false,
G195-1909,false,
P933-8930,false,
F883-7546,false,
X242-1782,true,3
J741-9057,false,
G060-9770,true,2
F869-8829,true,1
U180-7743,false,
C429-7956,false,
R933-7982,false,
J170-4195,false,
P063-2164,false,
D181-4677,false,
P493-3545,false,
V239-9160,false,
G262-3439,false,
U360-1151,false,
T032-1598,true,1
T483-1508,false,
J136-8221,false,
P009-0479,false,
M096-0095,false,
T176-1039,false,
U009-0650,false,
Y742-2759,false,
J830-0080,false,
E898-5580,false,
L408-0933,false,
V527-5042,false,
X140-1930,false,
L529-5507,false,
N373-8555,false,
C436-7947,false,
H922-6679,false,
X849-5134,false,
L541-6985,false,
H489-2647,false,
F211-4159,false,
H591-6213,false,
U081-0623,false,
P174-6184,true,2
X403-1286,false,
T050-2896,false,
H374-0344,false,
N533-9685,false,
A697-9986,false,
M243-6701,false,
U575-1215,false,
V536-6361,false,
N663-2613,false,
U647-0580,false,
K490-5135,false,
W962-3074,false,
C413-0354,false,
U648-1174,false,
Y457-5485,false,
U500-7039,false,
M322-1892,false,
U485-3559,false,
Y425-2527,false,
T436-6002,false,
H782-7292,false,
D254-7998,false,
C855-6376,false,
N102-2623,true,3
V652-8788,false,
M996-8284,false,
G725-5733,false,
E227-8302,false,
E451-6936,false,
W559-7007,false,
J841-9154,false,
N469-1838,false,
V009-9157,false,
L165-0102,true,3
K323-1644,false,
A755-1420,false,
L890-3185,false,
D828-4927,false,
R212-6294,false,
U413-9857,false,
E521-2641,false,
R085-3338,false,
J179-3613,false,
G540-3555,false,
A247-0575,false,
E066-2054,false,
L252-7479,false,
K519-1846,false,
F524-8085,false,
Y153-7922,false,
E607-1789,false,
H809-6065,false,
D986-3860,false,
C512-6424,false,
T186-9136,false,
L038-8854,false,
J764-0184,false,
C902-9779,false,
U667-4555,false,
A968-5527,false,
A442-7161,false,
M475-2448,true,2
T496-9929,false,
P816-5540,false,
G181-0567,false,
J762-5625,false,
M315-5756,false,
D421-5569,false,
T124-1768,false,
X778-1871,false,
E025-0838,false,
K114-2411,false,
G280-9693,false,
P105-4509,false,
F980-2474,false,
Y697-8225,false,
V730-0107,false,
T777-7096,false,
F998-8504,false,
H174-1637,false,
R793-2951,true,2
D332-1770,false,
X576-2868,false,
A375-9402,false,
G862-4441,false,
X563-8689,false,
F195-2532,true,5
L756-6313,false,
M791-5630,false,
W714-6640,false,
X005-4369,false,
X155-5843,true,1
E488-6028,false,
M931-9483,false,
U567-9323,false,
M298-7658,false,
D694-0187,false,
L442-7252,false,
R181-2194,false,
L223-1316,false,
D894-8716,false,
P190-7045,false,
K175-7625,false,
T320-7055,false,
P408-4061,false,
V429-0523,false,
T476-2494,false,
N269-3927,false,
V863-0180,false,
G496-9557,true,1
V979-2745,false,
J888-5196,false,
J820-5398,false,
C572-9489,false,
V670-0898,true,2
D473-7633,false,
N674-4101,false,
A566-5985,true,2
R104-4957,false,
M231-2656,false,
F453-0842,false,
K577-0844,false,
H213-4315,false,
D052-2705,false,
K991-7730,false,
D440-0759,false,
F127-1218,false,
X303-4704,false,
T542-9741,false,
D622-8851,false,
N572-7620,false,
H590-2510,false,
L501-4965,false,
V951-8453,false,
P662-8615,false,
Y847-6153,false,
A242-7097,false,
U192-4128,false,
U414-5859,false,
V115-4759,false,
P283-4723,false,
G183-4202,false,
T554-0770,false,
U464-4558,false,
C742-2657,false,
H849-4673,false,
N021-3439,false,
E158-4266,false,
C177-5937,false,
V211-0578,false,
F669-2105,false,
J542-2547,false,
R007-3745,false,
G402-2750,false,
V337-6140,false,
R941-5763,false,
P008-8157,false,
D508-5270,true,2
M406-3798,false,
D853-6330,false,
M525-8749,true,3
L547-5575,false,
X008-8539,false,
G819-5410,false,
A373-3618,false,
M098-9011,false,
X169-9914,false,
D771-2844,false,
J776-6524,false,
R575-4451,false,
D389-5857,false,
W593-7775,false,
H581-5617,false,
J721-3611,false,
F137-6023,false,
U333-1598,false,
P769-0380,true,3
K700-5517,false,
P619-4928,false,
D343-2412,false,
X006-7139,false,
X048-5291,false,
U236-1668,false,
N297-6304,false,
T270-5818,false,
A883-2191,true,3
J954-0517,false,
R313-3984,false,
X969-3206,false,
N153-0942,false,
K755-7722,false,
R891-7150,false,
M359-8981,false,
D432-4804,false,
E333-6441,false,
W389-0125,false,
W920-3163,false,
J658-1875,false,
G910-7932,true,3
K590-8353,false,
E060-9101,false,
H828-9801,false,
K607-4687,false,
F342-9599,false,
D166-8728,false,
U826-1246,false,
P591-8313,false,
T978-0143,false,
H954-7494,false,
M098-7578,false,
G267-7857,false,
A185-4840,false,
K459-4381,false,
C305-8432,false,
E850-2234,false,
F727-9817,false,
F019-7960,false,
C746-7837,false,
F012-9705,false,
D713-0207,false,
R716-0559,false,
U961-8833,false,
M966-6171,false,
J576-0129,false,
F440-2725,false,
Y731-5706,false,
T888-9023,false,
H178-1765,false,
Y636-4269,false,
H268-4703,false,
N625-2477,false,
Y202-0575,false,
J148-2413,false,
E667-8357,false,
M751-7868,false,
N007-1357,false,
U137-3426,false,
F124-4872,false,
L781-5753,false,
E148-7262,false,
D670-9913,false,
R611-1443,false,
N667-2443,false,
U171-8642,false,
J292-7345,false,
L032-4554,false,
D250-8012,false,
M329-7589,false,
A064-1553,false,
R728-3730,false,
K621-0408,false,
P402-8979,false,
U318-2795,false,
G646-9607,false,
K423-1310,false,
A547-0064,false,
G889-0007,false,
J515-7422,false,
J216-5296,false,
L423-8428,false,
M443-8875,false,
M435-0710,false,
P319-5471,false,
J959-6488,false,
W901-9955,false,
J484-0913,false,
G755-9889,false,
H779-4017,false,
H989-2615,false,
K440-7918,false,
L271-4627,false,
H047-7561,false,
G593-3580,false,
N895-6231,false,
K629-2125,false,
F832-8568,false,
X524-5933,false,
N010-8082,false,
L299-9729,false,
R771-2515,false,
V062-2405,false,
A452-2082,true,3
E497-1687,false,
K623-3888,false,
J929-8754,true,3
V834-5118,false,
A577-9556,false,
U234-4374,true,1
V397-8424,false,
Y061-2930,false,
P250-4904,false,
C218-6219,false,
U359-7258,false,
G944-2086,false,
D145-2239,false,
V642-8069,false,
K477-7671,false,
X520-1412,false,
G861-4233,false,
V704-6409,false,
V263-7026,false,
V927-8605,false,
M565-8940,false,
P233-1231,false,
D513-3973,false,
U600-4574,false,
A622-1036,true,2
M817-5887,true,3
E235-0547,false,
W659-9217,false,
G456-6250,false,
E927-4431,false,
R923-3999,false,
W524-9167,false,
A576-9139,false,
R799-6760,false,
C215-8402,false,
M653-6032,false,
J524-0346,false,
C297-5343,false,
U521-0655,false,
N686-9681,false,
E084-2983,false,
V144-9381,false,
W359-7473,false,
L185-5788,false,
G829-2220,false,
X046-4732,false,
R785-2197,false,
M111-7292,false,
F120-2812,false,
K326-5797,false,
F089-6213,true,2
X450-2390,false,
D710-0816,false,
J787-6779,false,
U665-9796,false,
P372-9872,false,
E024-6557,false,
G786-5194,false,
E682-5729,false,
D341-4797,false,
V937-1073,false,
R558-4845,false,
D592-9801,false,
F307-1384,false,
W402-0566,false,
T250-4577,false,
C224-6751,false,
C500-0111,false,
P713-6168,false,
A340-0552,false,
T348-3506,false,
K168-3888,false,
P637-6041,false,
E073-2605,false,
D380-2585,false,
K554-7922,false,
X526-2998,false,
K923-9899,false,
V339-5088,false,
V500-7843,false,
R756-8046,false,
M489-9205,false,
P002-0182,false,
U390-8025,false,
X576-3134,false,
R947-4519,false,
V076-4068,false,
H295-5273,false,
V149-2707,false,
A771-0227,false,
P816-8624,false,
J760-9909,false,
U994-8249,false,
D346-3963,true,3
D659-2583,false,
L274-9738,false,
X037-7608,true,1
G744-0578,false,
D491-8326,false,
Y067-8696,false,
V331-5487,false,
D039-9464,false,
F210-3865,false,
W818-5819,false,
E274-4661,false,
P865-2833,false,
L379-0576,false,
P406-7341,false,
K500-9441,false,
L923-2443,false,
W531-2472,false,
T912-6997,false,
L366-7464,false,
E300-7898,false,
L239-5007,false,
J136-5643,false,
R124-7413,false,
P818-7059,false,
A071-0055,false,
J267-7256,false,
P234-5778,false,
E245-0738,false,
W269-7301,true,3
E769-4886,false,
Y307-1820,false,
V355-2133,false,
X528-8411,false,
U295-0712,false,
T695-4428,false,
X079-8606,false,
T928-9815,false,
L529-6404,false,
T265-4465,false,
C278-0958,false,
X948-0245,false,
A956-6882,false,
W483-7289,false,
C500-9205,false,
P803-7823,false,
G759-6295,false,
E061-7654,false,
N415-1511,false,
G661-1607,false,
P197-3290,false,
U804-4691,false,
Y536-4646,false,
W946-5355,false,
N480-8636,true,2
E176-7738,false,
J469-2577,false,
M072-1507,false,
Y795-8077,false,
Y447-9426,true,1
F951-4919,false,
U008-3829,false,
T669-9028,false,
N348-8506,false,
Y734-7557,false,
E506-6182,true,3
Y668-6847,false,
E163-1686,false,
L330-8786,false,
N213-4428,false,
E691-7343,false,
G121-6031,false,
P890-8840,false,
H600-1249,false,
D073-0636,false,
C680-6923,false,
L037-6551,false,
K799-9360,false,
A627-7567,true,3
E515-7101,false,
F697-8185,false,
Y132-9999,false,
E444-6209,false,
Y305-4013,false,
M058-7312,false,
G477-1174,false,
D261-1532,false,
F581-6535,false,
V262-8499,false,
X201-6049,false,
G539-3676,false,
A751-6336,false,
R069-0396,false,
K333-5740,false,
T772-5937,false,
A756-4707,false,
W230-3598,false,
K616-1964,false,
U522-9780,false,
A489-2142,false,
J606-4962,false,
G337-7620,false,
X998-1598,false,
H580-0054,false,
C142-2652,false,
E692-3580,false,
F636-0616,false,
F348-5543,false,
T508-8429,false,
E278-0663,false,
P572-6774,false,
E128-1539,false,
X188-8775,false,
M333-1385,false,
R575-6323,false,
V148-7656,false,
H176-5761,false,
C866-9424,false,
F527-2825,false,
E113-5023,false,
D381-5690,false,
M451-4387,false,
R872-2575,false,
R005-8233,false,
H544-3695,false,
P206-5929,false,
E197-6825,false,
T095-0486,false,
R046-9407,false,
K995-6907,false,
F410-7118,true,1
R880-6532,false,
N305-0388,false,
C199-4163,false,
H644-6137,false,
V029-6849,false,
F976-3309,false,
V020-7661,false,
R210-8973,false,
M486-7970,false,
N906-4661,false,
K008-4589,false,
T600-8950,false,
A687-6568,false,
M691-2897,false,
X770-7543,false,
R294-7792,false,
V444-4772,false,
V194-4371,false,
U009-1046,false,
M006-3296,true,2
H354-0285,false,
R476-0508,false,
H150-8580,false,
K092-0617,false,
J331-1058,false,
X561-4030,false,
U223-5642,false,
M161-6337,false,
Y294-3194,false,
C039-4452,false,
H140-0830,false,
A699-2744,false,
W181-6808,false,
L777-7962,false,
E403-3080,true,3
K329-6956,false,
W405-9718,false,
A066-2191,false,
C648-6957,false,
A783-2753,false,
W099-8423,false,
A188-1145,false,
K619-5769,false,
W961-8981,false,
Y945-2943,false,
U708-7053,false,
U434-3588,false,
Y449-2030,false,
R838-2750,true,2
J956-6747,false,
K526-3032,false,
A490-7072,false,
H701-2069,false,
C230-9127,false,
U626-8530,false,
F263-0751,false,
W426-1123,false,
M440-1517,false,
H955-4195,false,
A918-4472,false,
V479-2169,false,
N623-9408,false,
D092-8620,false,
W963-0972,false,
U430-8238,false,
J157-3653,true,2
E288-6995,false,
R678-0830,false,
W189-9710,true,1
V046-3387,false,
U368-2971,false,
V549-8057,false,
V930-1995,false,
C039-9016,false,
W894-6579,false,
R109-2649,false,
G334-1507,false,
T428-4649,false,
G786-1703,false,
J275-9497,false,
C613-9305,false,
X783-0398,false,
W746-1328,false,
F465-0340,false,
V038-1950,false,
H344-3946,false,
G316-1451,false,
V318-8726,false,
E960-6210,false,
K349-8045,false,
C364-6232,false,
T893-7437,false,
U364-0565,false,
M367-5466,false,
W535-8238,false,
X693-2792,false,
M932-1666,false,
X885-9805,false,
P448-4748,false,
C637-3587,false,
D693-2191,false,
N049-5661,false,
D196-9242,false,
F135-0891,true,3
Y721-1364,false,
K225-3973,false,
W410-9713,false,
J121-6986,false,
J860-1881,false,
T565-6731,false,
V450-2649,false,
F402-8932,false,
X709-4111,false,
X859-6670,false,
H512-3235,false,
P911-4293,false,
A720-2454,false,
T413-3183,false,
Y291-0955,false,
A493-0028,false,
N944-6024,false,
H179-5517,false,
F212-7174,true,2
U714-8900,true,1
F639-6245,false,
V484-8444,false,
T678-0820,false,
V525-9257,false,
L986-7352,false,
V979-7387,false,
G958-2861,false,
K003-5472,true,1
C302-1607,false,
Y302-9331,false,
R008-0551,false,
K572-7605,false,
C826-1652,false,
E399-4844,false,
Y699-3551,false,
F867-7523,false,
L505-6961,false,
L204-2988,false,
U314-3962,false,
A871-6088,false,
D826-3268,false,
R524-2314,false,
H252-8750,false,
X383-0342,false,
F813-6666,true,3
X987-4630,false,
Y014-4684,false,
F342-9984,false,
E290-4981,false,
J546-6067,false,
K702-3529,false,
Y325-1209,false,
N653-4902,false,
G258-7715,false,
N501-1037,false,
H904-3059,false,
U141-6437,false,
D697-7797,false,
C685-3938,false,
U638-3224,false,
K479-5868,false,
C111-6600,false,
M844-0397,false,
G766-1905,false,
M936-0772,false,
Y383-7880,false,
D836-1325,false,
A692-8093,false,
U501-9352,false,
V994-3439,false,
D828-6269,false,
T402-1697,false,
N266-7576,false,
G168-3167,false,
N087-3505,false,
M973-6593,false,
V667-5646,false,
L896-0989,false,
K311-4081,false,
V276-1021,false,
J686-8470,false,
U101-9916,false,
A579-5632,false,
X980-9812,false,
H968-9238,false,
H180-4862,false,
L283-2240,false,
J165-1365,false,
C941-2049,false,
F544-7930,false,
N493-9556,false,
M984-9655,false,
G369-9764,false,
P651-2637,false,
F173-3596,false,
A868-1253,false,
D733-0561,true,1
Y461-9055,false,
N250-3677,false,
W028-9109,false,
L289-0554,false,
W681-5799,false,
Y567-1510,true,2
X107-6720,false,
E186-3325,false,
F288-9104,false,
C800-8803,false,
N327-2170,false,
A103-1097,false,
D415-7867,false,
L360-2370,false,
F391-2049,false,
C029-9752,false,
D471-9689,false,
C538-3343,false,
T414-4211,false,
M170-5329,true,3
H867-3906,false,
K786-6657,false,
A129-6902,false,
U899-6041,false,
P534-4883,false,
U935-2041,false,
V021-5287,false,
V137-8941,false,
G702-9962,true,2
A005-4380,false,
L430-2715,false,
F227-8679,false,
T454-0092,false,
P967-0672,false,
Y055-5221,false,
Y957-4152,false,
U589-6474,false,
E925-0218,false,
V270-2986,false,
D651-3877,false,
X001-8890,true,3
W811-5422,false,
P416-8422,false,
R596-6706,false,
C091-0040,false,
L817-6953,false,
P868-7247,false,
H243-9418,false,
P601-2674,false,
A962-6006,false,
Y928-1154,false,
V407-6433,false,
K736-6380,false,
E327-5337,false,
D502-2516,false,
T223-3285,false,
R049-6647,false,
C649-6210,false,
T181-8991,false,
G674-3046,false,
H928-2853,false,
P817-1694,false,
F572-3767,false,
A355-7503,false,
J972-9648,false,
Y294-2774,false,
K794-1021,true,2
U637-8474,false,
A049-8240,false,
N792-8002,false,
P839-7147,false,
M026-4627,false,
U499-5568,false,
R662-1820,false,
F364-4054,false,
V646-4941,true,4
V326-7743,false,
K477-3534,false,
D324-2945,false,
H986-1242,false,
C703-0687,false,
E160-9491,false,
P872-3129,true,2
M340-6902,false,
D175-0024,false,
T728-5506,false,
N288-3001,false,
X081-3441,false,
W015-6536,false,
L540-4647,true,3
R557-5467,false,
K326-9052,false,
C488-7889,false,
N162-3020,false,
R915-7016,false,
N469-9899,false,
J279-2388,false,
U161-9126,false,
P919-8302,true,3
E388-8950,false,
X516-2410,false,
D405-4227,false,
Y190-9091,false,
K114-1704,false,
R608-9140,false,
G822-4908,false,
T361-1842,false,
W419-7251,false,
Y394-9117,false,
E223-2442,false,
E478-2081,false,
G349-2282,false,
R730-4886,false,
R022-9224,false,
A455-2376,false,
E540-4026,false,
G241-7053,false,
X916-7014,false,
A609-2637,false,
L119-2358,false,
Y352-3823,false,
F707-2007,false,
R549-8886,false,
J504-5910,false,
M719-2854,false,
W390-3505,false,
M338-8796,false,
L162-6785,false,
A963-6722,false,
Y505-9118,false,
W699-6957,false,
T386-5816,false,
T042-7715,false,
W858-2207,false,
Y241-3019,false,
A372-3452,false,
G699-0257,false,
N871-0824,false,
K405-6916,false,
H441-3640,false,
J580-1115,false,
V274-1366,false,
M295-1934,true,1
H136-5587,false,
E569-3773,false,
D844-1039,false,
H287-5733,false,
T626-1338,false,
A340-8733,false,
F613-4437,false,
H238-7963,false,
V598-5755,true,1
W172-6247,false,
F234-8593,false,
U863-8644,false,
N049-6582,false,
U420-4510,true,2
R646-1394,false,
C670-0624,false,
E511-3704,false,
W051-4129,false,
E457-1409,false,
N405-8192,false,
E201-3814,false,
M747-5224,false,
V452-3307,false,
D418-6869,false,
U306-2375,true,1
G113-6969,false,
J672-3054,true,1
N262-2155,false,
A831-5650,false,
L846-9645,false,
E993-5404,false,
D913-5337,false,
J880-7085,false,
W255-2187,false,
R367-0731,false,
K378-7090,false,
V041-2155,false,
L814-8950,false,
P210-4281,false,
P651-2332,false,
F926-2255,false,
X025-5424,false,
W320-8362,false,
V951-8767,false,
C002-6790,false,
E966-6688,false,
U576-0682,false,
V715-7883,false,
Y751-1020,false,
H183-1026,false,
E109-3969,false,
Y726-9372,false,
E113-3672,false,
T667-5661,false,
P162-7261,false,
U220-7653,false,
F031-7446,true,2
W400-6465,false,
P939-6005,false,
J037-2958,false,
G383-2272,false,
W850-5630,false,
M578-7318,false,
Y241-6123,false,
J008-0769,false,
M701-0889,false,
C229-9863,false,
U591-4901,false,
H997-7057,false,
M835-0451,false,
E553-3983,false,
C513-8620,false,
N599-9645,false,
A246-7852,false,
R295-3966,false,
P610-7730,false,
Y617-3409,false,
E466-8606,false,
J452-4657,false,
U549-9219,false,
F884-0762,false,
J882-1848,false,
W080-0125,false,
U780-7401,false,
Y341-3557,false,
N192-5479,false,
C804-4783,false,
J532-0296,false,
G981-7745,false,
D248-1701,false,
P476-3720,false,
E829-2845,false,
R910-6815,false,
M020-2912,false,
C923-0795,false,
X808-4990,false,
V879-4130,true,3
W384-7138,false,
V982-5607,false,
M763-2659,false,
N680-5641,false,
H840-4034,false,
E863-1587,false,
K587-9316,false,
X617-7910,false,
E947-7696,false,
H692-7592,false,
F361-8076,false,
X579-0958,false,
X805-4637,false,
V267-3615,false,
K772-3866,false,
U549-7102,true,3
Y891-2169,false,
K600-3946,false,
J458-7775,true,3
A752-8639,false,
T508-2133,false,
Y669-1336,false,
W734-3495,false,
A695-7396,false,
N704-2644,false,
C711-5987,false,
C951-1355,false,
C377-3881,false,
X934-0362,false,
M541-5457,false,
K784-4830,false,
E489-8642,false,
X126-8585,false,
X151-1224,false,
A927-4772,false,
A055-0551,false,
Y269-7627,false,
R707-3859,false,
C742-2446,false,
A542-5537,true,2
Y149-2901,false,
R911-1984,false,
Y141-1465,false,
M693-7586,false,
J809-9173,false,
U516-7402,false,
P666-1702,false,
J491-5551,false,
M248-9910,true,2
E165-4817,false,
U779-7645,false,
W448-8651,false,
H735-3211,false,
P818-1114,false,
M394-5745,false,
R365-5199,false,
E919-8192,false,
G829-3875,false,
V590-7597,false,
E921-1932,false,
W831-7699,false,
U610-8483,false,
N839-4937,false,
K769-4405,false,
N925-0776,false,
Y464-0779,false,
D398-9286,false,
W228-4497,false,
C095-4982,false,
T640-3242,false,
H959-0629,false,
U501-7323,false,
E017-0044,false,
T213-6738,false,
H081-4470,false,
H724-4129,false,
U931-0849,false,
U864-9961,false,
E619-4309,false,
F582-3654,false,
J295-9009,false,
G817-6874,false,
K895-4951,false,
D706-6817,false,
W786-7699,false,
N817-7832,false,
L345-0526,false,
W540-5647,false,
G970-0299,false,
X224-4126,false,
V908-0834,false,
N578-6645,false,
T513-5716,false,
C315-1702,false,
P395-6847,true,2
N294-5953,false,
G093-1000,false,
P149-9797,false,
A382-9158,false,
U433-2263,false,
D711-9483,false,
Y740-6378,true,3
J011-1249,false,
Y915-8107,false,
G473-4262,false,
X634-3223,false,
E335-3668,false,
D998-3086,false,
G468-6583,false,
F990-2372,false,
T705-1587,false,
M613-3863,false,
V925-5676,false,
J696-2476,false,
V735-3209,true,2
H560-9500,false,
J954-2758,false,
C481-4660,false,
F277-2129,false,
Y579-7366,false,
F623-2095,false,
X185-1669,false,
G577-7598,false,
V301-3909,false,
K189-8512,false,
W470-9154,false,
Y844-9194,false,
T676-9489,false,
P055-7661,false,
W590-7360,false,
H621-5472,false,
T269-1938,false,
A618-7842,false,
J615-7405,false,
J402-2707,false,
N003-3046,false,
R259-9201,false,
T982-4376,false,
K961-9177,false,
Y890-0565,false,
M540-3811,false,
R216-6351,false,
J841-7125,false,
J184-0167,false,
H747-1821,false,
Y205-2989,false,
E434-5263,false,
F336-0631,false,
A072-9061,false,
F132-1983,false,
X250-7316,false,
H940-3704,true,3
N804-8897,false,
Y261-1460,false,